{"cameraMode":{"drawMode":0,"name":"Shaded","section":"Shading Mode"},"sceneLighting":true,"audioPlay":false,"sceneViewState":{"m_AlwaysRefresh":false,"showFog":true,"showSkybox":true,"showFlares":true,"showImageEffects":true,"showParticleSystems":true,"showVisualEffectGraphs":true,"m_FxEnabled":true},"in2DMode":false,"pivot":{"x":-0.4628814160823822,"y":0.5329915285110474,"z":-1.2437493801116944},"rotation":{"x":-0.08043009042739868,"y":-0.9007219076156616,"z":0.18944349884986878,"w":-0.38229504227638247},"size":0.8660253882408142,"orthographic":false}