{"cameraMode":{"drawMode":0,"name":"Shaded","section":"Shading Mode"},"sceneLighting":true,"audioPlay":false,"sceneViewState":{"m_AlwaysRefresh":false,"showFog":true,"showSkybox":true,"showFlares":true,"showImageEffects":true,"showParticleSystems":true,"showVisualEffectGraphs":true,"m_FxEnabled":true},"in2DMode":false,"pivot":{"x":-1.011680006980896,"y":1.9557256698608399,"z":2.8185858726501467},"rotation":{"x":-0.02077026665210724,"y":-0.9766376614570618,"z":0.17957620322704316,"w":-0.11424339562654495},"size":0.9031639099121094,"orthographic":false}