{"cameraMode":{"drawMode":0,"name":"Shaded","section":"Shading Mode"},"sceneLighting":true,"audioPlay":false,"sceneViewState":{"m_AlwaysRefresh":false,"showFog":true,"showSkybox":true,"showFlares":true,"showImageEffects":true,"showParticleSystems":true,"showVisualEffectGraphs":true,"m_FxEnabled":true},"in2DMode":false,"pivot":{"x":-0.39319106936454775,"y":1.677549123764038,"z":2.6267313957214357},"rotation":{"x":-0.005185792688280344,"y":-0.9686330556869507,"z":0.24662978947162629,"w":-0.021276308223605157},"size":0.9031639099121094,"orthographic":false}