{"cameraMode":{"drawMode":0,"name":"Shaded","section":"Shading Mode"},"sceneLighting":true,"audioPlay":false,"sceneViewState":{"m_AlwaysRefresh":false,"showFog":true,"showSkybox":true,"showFlares":true,"showImageEffects":true,"showParticleSystems":true,"showVisualEffectGraphs":true,"m_FxEnabled":true},"in2DMode":false,"pivot":{"x":1.904618263244629,"y":0.8253041505813599,"z":3.328641653060913},"rotation":{"x":0.03614233806729317,"y":-0.9181801080703735,"z":0.08586243540048599,"w":0.3845023810863495},"size":0.9031639099121094,"orthographic":false}