{"cameraMode":{"drawMode":0,"name":"Shaded","section":"Shading Mode"},"sceneLighting":true,"audioPlay":false,"sceneViewState":{"m_AlwaysRefresh":false,"showFog":true,"showSkybox":true,"showFlares":true,"showImageEffects":true,"showParticleSystems":true,"showVisualEffectGraphs":true,"m_FxEnabled":true},"in2DMode":false,"pivot":{"x":11.229734420776368,"y":0.6957446932792664,"z":-2.45845890045166},"rotation":{"x":0.07913652062416077,"y":-0.5119396448135376,"z":0.047434356063604358,"w":0.8540434241294861},"size":1.1690236330032349,"orthographic":false}