{"cameraMode":{"drawMode":0,"name":"Shaded","section":"Shading Mode"},"sceneLighting":false,"audioPlay":false,"sceneViewState":{"m_AlwaysRefresh":false,"showFog":true,"showSkybox":false,"showFlares":true,"showImageEffects":true,"showParticleSystems":true,"showVisualEffectGraphs":true,"m_FxEnabled":true},"in2DMode":false,"pivot":{"x":-0.1030789315700531,"y":0.43443426489830019,"z":-4.098189353942871},"rotation":{"x":0.20389845967292787,"y":-0.5483017563819885,"z":0.13994377851486207,"w":0.7988751530647278},"size":1.6394530534744263,"orthographic":false}